{"max_history": 5, "py/object": "rasa_core.featurizers.MaxHistoryTrackerFeaturizer", "remove_duplicates": true, "state_featurizer": {"input_state_map": {"intent_affirm": 0, "intent_compliment": 1, "intent_current_matches": 2, "intent_deny": 3, "intent_goodbye": 4, "intent_greet": 5, "intent_hobby": 6, "intent_negative": 7, "intent_negative_greet": 8, "intent_positive": 9, "intent_positive_greet": 10, "intent_rude": 11, "intent_small_talk": 12, "intent_state": 13, "intent_thank_u": 14, "intent_thanks": 15, "intent_ticket_status": 16, "intent_welcomed": 17, "intent_whats_up": 18, "prev_action_back": 26, "prev_action_deactivate_form": 22, "prev_action_default_ask_affirmation": 24, "prev_action_default_ask_rephrase": 25, "prev_action_default_fallback": 21, "prev_action_listen": 19, "prev_action_restart": 20, "prev_action_revert_fallback_events": 23, "prev_utter_apologies": 43, "prev_utter_ask_again": 32, "prev_utter_compliment": 44, "prev_utter_default": 30, "prev_utter_did_that_help": 28, "prev_utter_goodbye": 29, "prev_utter_gratitude": 31, "prev_utter_greet": 27, "prev_utter_laugh": 41, "prev_utter_negative": 40, "prev_utter_negative_greet": 48, "prev_utter_positive": 39, "prev_utter_positive_greet": 47, "prev_utter_rude": 42, "prev_utter_small_talk": 36, "prev_utter_state": 38, "prev_utter_thank_u": 46, "prev_utter_ticket_status": 33, "prev_utter_ticket_status_found": 35, "prev_utter_ticket_status_not_found": 34, "prev_utter_welcomed": 45, "prev_utter_whats_up": 37}, "num_features": 49, "py/object": "rasa_core.featurizers.BinarySingleStateFeaturizer", "slot_feature_len": 0, "user_feature_len": 19}, "use_intent_probabilities": false}